HH_KEY,HSHD_NUM
76698059,3875
938137,70
73700880,1044
17935037,4677
79754610,4159
5342841,3421
665572,3108
76525836,1974
6709944,1663
79754564,194
77314284,4765
80251324,3393
16400725,1602
74698641,3862
80351860,4502
76596577,3881
76769231,2719
76839617,32
74908903,4715
77395217,1823
74755882,3695
80448966,978
9575758,1467
75548020,534
15351922,3666
16400889,3254
76743094,294
76429059,125
75542517,4318
5152605,4450
74489195,4041
76031915,4222
74474060,387
73448384,2395
75914494,4286
757141,4157
17701421,24
18453698,1461
73498309,1343
6223565,2349
77783666,2539
17519362,2627
78060354,1534
77235758,3125
78067638,2282
16344357,2070
8123167,2210
17777494,283
79948049,4204
76268909,2251
17802770,1457
76839422,3354
77734917,4216
74257485,3545
4943463,2272
15788253,405
9477401,4629
12898535,2082
76210894,2289
75530394,4438
73317214,670
75003174,3320
80094646,1272
74395978,1221
80036550,1676
77950308,4135
80031872,4593
78060294,1470
376566,739
79973007,2067
75467093,4281
802354,2103
17313296,3610
6290863,4146
78072064,2328
18631100,3114
76661354,2025
18599012,1969
76974284,3767
70433553,1770
74226652,2277
73744356,72
79771444,2118
79986463,4523
17812224,1303
73331887,2319
78386680,763
77786449,4594
70343943,1809
76656637,4423
801496,3768
79972273,3205
18295040,4612
79947382,4878
70036235,1988
70403004,2034
3356354,800
566718,4315
18200681,3761
75831413,1896
7451779,2033
75714430,4610
80142423,3864
76557072,2245
74763202,4083
5604708,3676
12538615,4362
80095922,157
76461241,4005
75789327,3729
74636572,4687
76970194,1828
16969571,548
74559714,4141
74316184,2022
585581,3501
16372215,3617
73081093,943
79841463,185
76445360,1486
8411664,559
76468409,4505
75624585,713
74543690,1356
17911634,2375
76238794,1469
76556986,946
76842405,1192
73730582,4538
13539954,2986
70361044,913
76830209,1594
75770526,1881
3289115,358
15021164,1722
79968788,1596
16068456,4430
1269297,4325
18645031,4487
74549745,2476
1763679,2084
75783162,4569
76072098,4434
12815651,3841
79960293,4899
76575284,1958
75874961,2404
17403015,4407
79912906,4435
80138982,4384
73153887,1350
79848061,4898
1655602,4945
79928610,1655
75270681,4227
72019028,4485
11123691,1579
1081204,4309
76380646,4923
17073610,2369
17879316,3123
80145432,4147
77692329,4358
79904162,2059
75101578,2796
78380984,3070
8335195,2723
75425390,4205
74556167,3429
18392669,1984
75881149,4857
76218922,1323
78358320,1787
79910924,1841
2341598,1725
76937199,2678
80020481,4854
15162635,2117
79909990,561
94290,4618
74649491,4752
594718,3408
73709668,152
76632738,4512
70403971,2023
70481431,4467
18671591,729
6659355,481
135640,2159
75540203,1978
76034232,2238
74432851,498
80040961,3710
80029562,4056
16069255,3308
80056861,2055
80289819,4649
80003513,2283
76821933,737
75850932,2320
76299283,3498
80058911,3814
17505201,1307
72134907,4882
76158334,699
74473105,2120
79973781,1441
80247738,1533
80238094,4447
15456510,1516
18096029,4444
79761294,1037
12648141,4164
75480890,2944
1645458,2147
74117345,2005
76842301,3951
73353957,3001
75889593,428
12539174,2368
10391268,68
74147311,4199
16670595,3500
76633773,1731
75420455,3351
79990189,1603
77164231,3518
75280879,2258
71974902,2232
75438173,4455
77680636,833
75005513,2237
80137932,747
1259126,483
3194031,4897
15098623,1411
70019156,4773
75761566,2845
79948281,1750
78380770,3960
78802521,3557
76715478,3878
77135471,1336
76049977,504
1814866,3757
80238022,3191
70453482,4048
75944083,1732
79887029,3007
76276352,3740
76633779,1776
80179996,3344
75171158,3632
79758778,4596
74904454,159
74367214,1475
15528111,2226
80039958,2091
643460,415
18954954,1049
16938278,4248
80238862,98
17036963,2822
18277087,922
76109191,3022
80148587,4831
16309543,2472
75441436,357
80147854,14
17497244,4570
79928506,2028
74097239,1993
78821437,4069
9795437,2266
16015312,2123
18219457,260
77948853,1422
76379814,2443
18227750,4046
80088201,4947
73458690,3020
14759573,3915
76961950,3453
524031,3930
9217402,1698
73711046,439
70622955,3240
78393489,2046
77218931,2036
79853417,4333
75657730,2336
78073557,4160
18129298,1550
80045133,1529
79798605,3871
80239061,1810
77262911,2168
74557477,1814
70648574,4298
79963707,4393
14856314,1973
80048686,4139
11761595,116
15773221,162
80298440,4828
76362438,3263
76048894,3104
759644,313
79903501,1130
11089743,1673
80302695,1156
75712871,1999
80085744,474
73349876,76
18464365,4424
74536758,195
1763728,2078
76654986,2431
74589486,4300
4771986,389
76098209,202
75918142,1795
14804612,3182
76701574,292
15901984,1122
76165959,1833
13746015,1610
77859230,523
78737919,4044
5131688,153
70686540,2308
17323379,4185
77858610,2414
70024779,1825
74357501,1977
75017007,2236
7044794,4110
80040165,397
70343477,1684
74785516,3266
77387347,3238
80056771,1075
76651794,3907
5213048,937
6455628,383
80029408,2018
833931,4820
1653677,38
70399181,3326
79969693,2112
80232065,1186
75654307,1355
17631230,1678
74921798,2239
80046190,4511
9222410,1266
73239885,1918
4062496,944
79957765,4290
16951569,3799
77054807,1872
80095686,2092
75765605,1735
78752756,1334
545366,3810
10354982,2329
16251153,4925
77091374,1288
12888034,3937
12598694,1623
74879722,1311
17679562,1384
74921477,4051
1732675,1539
9327582,2820
5456596,1652
74146460,1749
76159951,2689
79849848,4939
1541259,1007
18125349,2195
77649572,4060
74079173,4
2345065,1237
5852096,1168
80372149,2653
10580264,3116
6895036,3580
80147112,2312
79907204,4239
778476,2010
7512322,1765
80151200,3289
5205925,828
3716241,1339
10164629,538
76760210,1169
77372665,1694
15902634,1236
1346218,2456
80451335,1013
73483334,2155
74330615,1271
18404254,590
18471359,2776
74879278,1262
77705579,4098
77325847,2836
17324674,3566
14153709,3962
17023053,524
76605364,3724
15683768,1944
6373115,1263
79761534,1354
9955273,1234
16231479,2569
75123056,1876
79755110,1505
9241127,4635
17087201,3839
16321039,2259
4807083,3264
77213666,3734
74245699,3780
80052270,2424
79968456,4093
15557062,1563
79960263,1239
75122011,2930
791782,1990
106301,1185
16155272,4122
18815405,2418
75715171,2007
79881003,1180
18228235,2310
75062142,3971
16344512,2519
75324928,4665
17318903,2295
13750420,3018
5994734,2717
78375862,1154
80003019,2169
77278781,2095
76655190,4175
8550965,2760
76996587,1202
70155035,2482
5997651,1329
80029972,1020
1652393,1254
73686552,3638
3063887,2398
75700125,3513
14958282,796
4482323,2229
74225457,4410
73775266,1928
10056452,1257
75940963,4558
17675061,1179
6949899,3537
1520970,3099
80303197,282
75959234,4238
77144881,1538
13270525,1217
16082777,805
74838111,1364
76632022,1432
77024313,4449
76823219,4245
5089648,3966
78380176,1500
6304433,1219
76881291,2373
13358180,4530
77224137,1277
16972818,4881
17412061,897
76907161,3685
6131605,3688
79989928,1755
6301163,2667
15888444,4231
77272175,1211
79898371,1316
76272415,3996
76832034,3425
80045135,4143
14891691,3967
1673927,1381
6504455,143
76075540,1905
4706688,4417
11028675,1357
17507891,1654
75729255,1818
73748837,1997
70643796,2109
80127708,1739
4903874,601
77401112,4426
78822283,1216
75871521,3368
15763699,1741
6597669,677
75542648,17
76905050,1677
80253685,23
6131519,338
5460871,507
72002877,3659
6599366,3900
901667,1994
16713063,2273
4514637,2057
77374795,681
5409874,2206
73698199,928
75730810,3135
75103595,3836
5156530,3282
16352035,932
76473818,2932
75653005,4230
9204472,686
74749836,4024
7402782,4182
74907033,1207
74796929,2811
15402161,3708
75738651,4839
80038985,144
15568191,1580
80312287,2831
75264713,2556
77054747,3462
75121495,2981
75264236,3813
77201064,1965
77280961,2792
76754353,1290
80132900,3997
75498954,4490
12035418,363
13311344,887
77784989,279
17024317,1702
77193773,992
75976977,2955
13581713,514
73582769,838
75847101,845
11848473,4210
77319109,2971
2825579,189
78088429,4283
78742400,3476
80032100,3519
80361351,4846
12962978,258
76836722,2366
7155484,4541
12812164,506
77333947,4472
14392454,378
16332848,1279
17984326,3105
7140707,2132
855147,1423
9673125,374
8057815,827
73522495,692
78812833,4256
80142322,1704
76028062,1388
15782651,1389
1005983,1502
11208918,1148
16704139,4534
18726617,4191
77164393,1689
6859999,855
75346511,1647
78324936,4305
80033884,4806
75890213,4608
77412448,1650
74759731,1865
2700825,4979
1171655,1719
8396776,3853
9739918,3656
74852400,4689
80049915,2144
76055411,1844
75781752,4007
15363392,3783
79761431,2789
9476254,2153
76768637,2810
16383481,3795
79909208,1209
70138367,261
16000870,903
5276821,3977
80041282,3057
3465545,954
2719510,1985
12849294,1223
77152887,2066
78342164,1558
74881216,2740
74796436,2220
80316671,46
1015804,1672
80133668,2019
80155866,4394
74431853,1554
3033505,4563
74834242,2221
5549321,142
6137801,4302
75225795,3338
75563125,1309
16352989,4880
75568495,4670
76869809,1383
80241706,257
76636490,3430
75624333,4313
74847224,3603
18744690,2937
80152709,2926
8372506,987
80399541,648
80254393,2908
75724831,1826
17917045,2301
75690648,3598
80318343,2276
76432348,4956
15856853,2692
76713470,1940
75173459,4510
75837928,2942
74460938,4544
76886464,2746
79881159,1807
17341815,4329
17033602,4894
834052,1405
17091878,2030
77212012,2953
9841964,1322
76503539,2140
17332899,4428
75615073,4341
76801865,4782
16150798,2972
473302,2715
77279775,811
16673391,3771
75594886,2803
80141605,2389
80239359,1191
80393910,3365
6427087,2832
76204355,727
80344126,3284
79920841,3435
77694034,3170
76906379,4800
77651556,3975
15805394,1481
16686811,1773
74969959,812
661132,2741
80005694,2116
1259801,1848
76926062,3870
74430751,3808
6124458,2941
79969750,3652
9943344,818
16374834,3514
1324756,3040
77877170,4244
6303222,2843
80143898,4520
76870579,2086
1527278,1102
17952569,4162
73556493,2894
8492464,4486
80278777,2455
17648583,543
77097350,709
16927606,2658
5803734,3379
12025691,4519
70201015,2506
75993214,2026
76906668,4151
77408990,2204
17733219,3567
74823349,2849
6769628,3054
11414535,3954
80035559,4555
4525097,1653
80180692,1210
80183566,2212
74468740,3343
80245402,4943
76688167,640
75739110,576
1420778,2500
11017679,1359
8080227,2293
80384651,4745
74658771,898
2643342,2279
14970656,3776
75896263,3648
75999547,454
15894462,2094
17384316,2339
80246284,1708
12077265,3576
80180800,2876
17892891,3753
77081345,4197
77844899,4499
2719628,1899
80049371,4081
73965180,2491
75551289,968
11114175,1600
8340751,2840
80044254,2171
75174327,4221
77323428,4737
77000706,3499
80052297,3834
16108831,4551
80334924,4686
1958314,129
116993,1038
9245234,2825
74490943,696
6699058,4133
70428324,1744
76266551,4208
76954738,41
76701576,3187
76163231,1362
76758783,4779
2704571,1954
15111099,751
8227243,1931
18838114,552
76355795,2183
78461368,4399
76662490,4462
15653593,1831
6219719,4492
77387704,1858
80049910,1351
80458327,2679
1205483,1895
75237806,3347
11945596,789
9476851,158
6210906,817
77418215,1827
18609706,2353
12811484,786
74756891,3363
11531298,2093
2752764,1913
80048758,724
74594432,4436
76578360,3717
80236650,3912
78444983,2902
77280471,1560
14976561,982
17976164,3000
16948041,4217
75277060,2141
76240219,4638
78389095,931
16735590,3964
14934139,2287
77525922,85
73081729,4346
77059509,2736
76421221,4350
70008619,988
78735677,717
12104305,602
75922405,1628
76272580,2814
6472781,3400
14349626,3600
76503021,4685
73980905,4855
77198897,3525
80125670,3490
76228324,4280
73279109,783
80293539,4902
77948901,2855
74747448,3141
80328609,2654
76818340,626
80335788,373
80338064,1816
76094948,993
77139511,1950
76824953,1284
146393,3623
16025787,2496
7439313,3464
77477289,1035
16367304,3427
70135138,639
79921438,1806
17539607,733
80313422,1450
75925445,1451
80044494,4681
8541972,4889
75259401,4109
79827937,4739
77452719,3890
13870711,3210
10261235,4526
73490129,2362
79918340,4810
75428569,122
77165326,468
16242442,104
77028092,268
77072020,431
18614762,1782
1675397,4249
13496605,4891
75924552,2121
13422288,530
75660069,3174
76041201,2444
10103463,1641
75975691,591
72122656,3703
80244371,74
77657744,4184
76034775,3077
549859,3234
77080421,3181
76870478,3914
80134168,150
15803458,1853
76625738,209
74534627,2403
72058065,1790
17395510,2434
76387762,1107
76563080,2047
75777007,2435
70443340,3759
75450192,1515
76566373,4448
72058419,406
80278569,2248
73553022,2601
79996516,4621
4608222,1443
76832761,565
74222168,3206
5773943,3184
74533704,2100
6514545,2045
11245942,4581
77092843,1946
14791367,2302
77156637,345
80094747,4579
74749358,166
3452403,2494
75514837,367
70440614,1992
15044618,262
1620577,1862
851836,1638
75604859,4489
9879882,4115
75620953,2075
16181104,1465
76271351,4176
80449576,2474
2775910,3100
73456942,4830
74880833,1431
18085787,4010
74995215,3331
73959564,393
80338124,549
75462289,1796
74879999,470
1642475,2574
75225928,368
75510607,2416
80247435,188
76822880,4132
6289445,2305
76906856,2451
1799490,1786
77830655,3209
77220149,3367
77322860,61
75880215,3874
18697481,1645
80223407,4918
70502044,99
74429893,1664
18070261,1548
74309647,4108
77348681,238
15482404,2317
15290039,82
80457911,464
80152227,3680
79987810,163
73105004,3809
76448783,2557
80049037,413
80241709,4348
10062567,1640
75235939,417
10264736,273
7437311,2544
17083649,4852
76263867,4012
13357132,556
77324279,4736
80209205,3371
80181360,232
17325023,1131
16940447,3323
7044303,449
18930988,1626
76381125,173
76026570,491
10995934,1879
80239329,369
77090106,3272
75211970,184
16260647,328
75672548,1926
77084057,4071
79828305,1585
76890111,2099
74557566,3605
18962027,81
76226672,3225
17965597,4178
75457448,132
17752553,447
16244085,4863
75842877,1184
9312751,459
76279813,3769
6612203,4809
76052659,207
77329407,4482
80212191,2497
79969293,4014
9469733,54
76911259,1832
1665369,1400
6383053,1160
75970423,2014
80052007,2480
76074896,4540
6893490,1971
14735347,4103
5361709,1700
70290741,4705
73572152,246
80331674,3212
17403301,1072
80449949,1864
77269416,388
76094187,683
76246886,1098
5730368,4053
76870287,3952
77132535,1774
76354788,4074
79908790,360
76450317,1910
16138418,2775
11079553,4120
77270069,60
2338509,3480
74234719,3999
6022479,1235
6011326,1376
78412470,3247
5721582,327
729564,708
542444,1276
75770885,1551
687938,2227
76971394,3356
80047460,1425
10392442,1452
14174745,2872
666713,1856
17237752,3213
14375782,3279
798668,1270
74497831,1222
70299504,3527
16221725,580
74542887,3200
76504779,2163
804054,4591
75653240,1537
6384872,3709
7376067,3045
70253959,2933
76070864,177
75912836,2878
15767214,2024
77112256,2503
18960194,997
15432271,1519
78057246,1572
5135901,309
78743707,1198
12645074,2135
9406171,706
74761555,2946
560293,1302
80245198,1228
618168,1242
15323446,3846
77228453,790
1620684,349
3069069,2234
5283297,1188
17303696,2223
8533170,4703
6209623,2790
76306555,63
18132681,1253
79906702,2521
15811315,1040
291880,171
78379382,2016
1559485,505
79894499,2011
78093614,3843
1389906,4270
18177602,907
79869948,1346
74100356,3990
74588149,2533
80036062,3987
75511158,4254
76702054,2641
79831171,4454
79960526,1249
17693790,2648
6468752,2889
79767048,4220
16273591,1912
3760434,4580
1830147,1581
4411425,2848
76696091,3080
166696,4312
74759897,2682
6291133,1584
16342145,807
76575653,3634
79910804,2275
73862061,190
1606448,2211
144208,942
12028664,1048
13387591,1691
73918695,1315
77146632,622
78464151,4229
77406025,170
76637396,1886
5196842,904
76179259,668
5860952,3574
5730239,134
75323630,2337
2290677,4259
16277577,1330
80056920,647
1358855,2
76625187,4842
78820799,4843
75153530,224
70492896,1401
5906894,1407
74623823,2734
75033036,2608
75521692,1152
698389,3873
1343246,178
6224020,108
7312196,4072
73456901,2728
5910675,2426
6881409,3973
75570193,1966
80059091,3169
79949268,1225
72094119,986
74159430,3030
5849130,1859
76433145,575
77437725,2696
73168430,510
5470702,2567
4862119,3670
75389102,551
11128466,3943
6704680,1042
73281058,2788
77135035,3825
79959684,2991
80337303,3173
602759,718
6830464,2003
16162573,79
2336976,1972
5675287,2170
76803039,3353
4263068,1890
760325,3773
76176753,995
8555789,3443
72078641,3706
78402561,3672
17382325,1587
77550698,3255
80341064,599
163464,2618
17900480,2218
80037741,3910
1785787,2958
1849014,2127
4313666,3852
80362781,3565
80236997,2761
14352191,3909
70634740,321
75126961,3829
80015586,3090
2360525,5
2798911,1762
13454445,1033
657420,1150
17580442,296
8054483,111
76966869,1197
77228277,2674
10133138,886
76522095,2615
11039322,146
12571971,3612
80147259,3934
16381942,2376
685856,1146
1858709,2547
5153220,1738
9744242,682
78359668,631
76302149,660
80034892,187
77707504,4374
16376282,1836
76040479,3679
79921953,826
79906609,4625
2342273,4282
80250968,1312
80046021,1706
79921155,2131
5655434,2186
80180444,949
77544011,582
74075187,2327
4720854,4187
10210202,4571
762646,217
75447673,1018
16220215,3489
77798428,2143
2887729,754
18030335,1916
15398807,3733
73180497,2844
5329089,3157
16735787,4675
1292483,1259
662639,2487
79928738,585
76632004,1385
656635,1824
16278435,3970
12033975,2771
73315282,2877
80057211,3442
80204468,2213
77433022,4285
3268456,3328
16442200,3061
6983152,1981
71948041,3922
77539441,3820
16355840,3508
77086908,4495
158196,3402
129276,4004
2876791,1162
77006054,1251
5081518,2695
4768456,2098
12540104,3842
8291697,4349
75154676,3037
79876764,4768
16143317,1570
16890549,2619
77203487,3115
5344524,2904
2747521,4036
6771628,581
2990145,2749
1796375,3702
79795623,2997
7008356,4653
80085665,1549
14147407,1206
77017137,2834
76643247,4161
75883076,4409
5133151,794
79969161,371
78741878,1635
79817613,2999
10054495,2879
74024836,831
795222,835
76138802,314
57788,700
76861776,2088
77804333,4397
75693192,2367
165317,654
696958,2361
75064993,2949
80050539,4985
18208320,2640
1326444,4575
75233450,1846
73905629,401
18145138,1793
76590051,3933
780131,525
76717867,4914
15854356,3214
80149536,1164
9236328,2154
6697400,336
4286617,503
80151560,830
82540,2504
80045894,2579
80196374,3089
80239258,2518
355003,771
6132277,1883
9694503,720
13730723,3151
11753334,2233
15958510,2219
73082782,4237
76537187,1780
15492734,4576
74440401,3725
77069987,3149
1666342,1811
8443667,742
5400263,3891
80458555,1695
6435308,3496
74885967,3389
75218202,4587
71887033,2726
77000130,4274
80207525,4272
80405413,512
5554775,402
1074302,813
3114130,4723
1565403,3198
78329147,3306
4887084,953
70247821,629
75959833,1757
76466358,4091
76226953,1915
2328921,1313
74922347,3524
4998112,2267
10171607,3732
77526401,3060
74997236,372
77260458,2071
78314201,4753
18917895,1301
17957737,3633
77706707,4821
2575463,3156
75321812,3071
80046890,4196
797412,4522
15133645,3164
71941250,4932
754318,2827
15303026,875
70371914,770
17512158,2570
3402446,1723
80047332,3797
79758723,443
78384130,3207
16661909,2566
12577858,2191
1652170,4814
74855588,3449
5906711,2936
75288545,3047
73095942,2031
1675125,3150
80032217,332
75988279,3925
7446398,4740
11074962,2956
295109,4082
15863834,3737
18937684,1392
3005753,2960
4386585,3011
76576007,1418
77688044,2470
17412674,3748
80034063,3575
79970254,2593
70268128,1232
17388643,1395
3194443,1370
6285776,180
74388172,4292
1276309,1488
75861782,736
15921361,3396
15895748,2655
16233849,3324
17580037,3196
9698040,3069
15865270,4224
16046401,583
4823633,4330
79927669,4297
10369814,2731
16180336,2727
5785740,1586
75386778,976
76077915,2110
77217256,1961
74386122,2606
12371255,3113
76210677,3386
75875590,2868
6143378,1328
5658020,4232
54386,981
77009014,4631
75380648,265
76371453,743
4756504,2063
75288808,2659
6367671,4189
8404996,423
79915483,1975
10185044,3366
7011086,2791
16667122,110
80317787,1528
80243640,3111
73601420,607
6607322,2076
5846686,4876
12580803,1660
75161733,2871
89229,2804
75978060,4513
79958462,3512
13358955,894
74832903,1041
15532682,3625
4238011,2644
5711062,3250
80135545,2666
79910840,2705
17727857,892
78329887,2050
79812250,4763
18405467,2987
80054270,4166
8306435,4826
73280897,3178
75016084,2856
5526660,55
75202798,4747
18646361,3447
6881662,842
10263251,3183
74597793,2766
76465178,1021
78733718,965
7046730,3883
74227226,1845
74648921,2262
18495417,1511
77274471,3872
74814292,4641
80234725,4383
15856324,2074
80242016,2609
18011272,4260
123407,958
6878081,3929
80194152,725
8153819,2181
75254873,4866
9907325,4123
74859234,4659
7071555,519
5535793,2943
74643777,908
78384802,1730
74485245,1536
1275545,3163
75974436,4006
74517220,3896
75970558,919
76629562,920
18528045,1468
77854324,3746
77216335,1728
80254726,2838
75842298,2377
75220503,3649
76617993,3985
74745218,874
80180994,2445
73580166,3155
15194989,3561
17285354,1442
8513039,1353
16246141,1707
13636309,3707
15227786,3350
74423863,344
16381970,4614
76682342,4240
802207,4087
70014372,4064
80292929,497
5588922,3696
76834451,4539
8404108,620
17321790,1158
75212067,3269
10306207,1437
75975498,3699
76749350,3628
626508,1058
75202702,3923
17459743,2323
77858710,2564
80179665,4079
15487109,2246
75476106,2160
76862473,1345
76963130,4373
10977233,499
15845926,18
18638879,1324
5554347,4126
80136770,1428
5650158,1608
76208543,3924
7182388,2940
6465783,2507
8402397,2600
77342874,3019
5227823,1453
70067842,531
2725304,4086
17386351,2989
80088518,4936
78463389,4030
85723,1331
6944395,2594
1377839,3302
78306039,319
73873838,4872
15005536,3752
79870553,2584
70666843,1839
74320333,2552
76890605,3437
170371,2309
73084742,1342
587339,3390
213189,1632
11484423,4639
1279895,2622
17827288,3296
70136416,2925
8065387,625
76279442,546
80153924,1644
80290014,2625
80213017,2104
80236573,2370
18698296,2215
74601507,3241
76626570,3175
74388371,2841
77195988,969
80189205,1759
15478420,2922
8580320,2800
18699787,2004
5073871,1245
75210911,2758
74385228,2912
14933435,3845
1664226,806
5909014,822
75840677,2097
4756075,2549
80397010,4661
76969967,3299
5133768,3885
74363164,1060
15214711,1842
80029996,342
2832769,3936
1358681,1740
76997361,4718
9983453,2264
76637208,3382
9755335,2688
3072851,1559
77030430,3327
16135144,975
673027,2686
77034290,2037
80242304,1340
80249653,781
80395435,2660
77057278,4702
2717265,3901
15399775,1091
282577,4646
1805073,1014
79748951,2914
74826605,2188
7313595,595
80045262,4437
3006071,2750
733725,2652
76432053,3073
77716213,1348
1958509,4301
9924258,2013
2358594,3152
16367485,721
18112218,329
73548224,653
9242476,4003
74067532,672
74070410,673
70285185,2558
2699361,4650
1658879,1819
7439108,4308
80316968,47
80339294,2687
15059796,2702
9935727,1636
77931775,3283
76823810,4667
80148373,3569
76602292,2952
601041,1923
1432628,4365
76046561,2907
74707881,1854
5864395,4356
80185006,823
4613435,821
18059995,2249
79938554,2671
16389536,3455
79948797,2669
80004370,3471
71885455,3468
736113,1165
73704285,3257
11764841,4002
15851097,960
78071850,1588
15351744,1243
6782801,2473
78071795,873
78403069,2993
6865399,1009
15328257,4276
127497,857
76363001,518
75532044,2508
74815322,101
76294556,4317
71936953,3713
1562720,1001
73547052,2638
76824201,4367
10087207,586
1557437,2346
18092823,1161
5659854,229
80128798,3492
407473,1374
18481925,1925
80018620,961
74648272,4402
11427423,3319
9444127,3436
74227716,4668
15227354,1397
581591,3911
80128124,1410
3408115,573
76493937,4546
80250009,10
75618316,4000
5334110,1625
16197691,3448
304601,2807
76621322,1024
80180198,2158
76894121,579
7453872,871
80369808,759
291691,2729
10970425,2911
80392563,956
75558272,1670
1538591,2646
74431245,3310
3647299,774
77342894,3484
652657,3053
6825188,200
79842067,4798
16917129,1419
4790016,3583
70154298,4158
77282400,3133
17881316,3259
76870440,846
4612493,3063
1351915,2651
75153560,861
18406637,2406
80319557,4321
75169959,3364
4406480,3904
75456193,1300
77291745,2631
73018597,652
10001354,705
73038887,2693
77418567,4065
77095001,3887
12063276,1764
111362,701
80087723,2410
80138860,1968
80237780,115
10579777,2386
77056602,3667
16073002,1956
14231974,4585
74638853,1296
18052872,3461
76561886,758
1219046,2015
78729190,777
76879945,4136
2627604,3399
17605658,3838
5204613,4613
701055,4955
15094254,1246
70519722,3535
75599406,3854
16266331,501
10317979,3186
783289,616
4993158,798
6865251,711
76946564,675
75308833,3153
17268322,2478
12253220,3805
74399175,4692
77833585,4026
13748588,1426
13515362,1571
76705758,3472
4823619,2703
7447143,3636
80034533,4774
2640226,1889
111788,3065
182150,1761
2458915,3109
3000846,1004
18679090,4471
5264936,3481
18501982,1278
1288415,974
80248187,662
80085839,2865
73480280,3450
75343186,2785
77398599,3017
745691,4355
1161459,3445
3267826,605
75951919,87
16978239,637
73954620,3521
79995012,1178
4892335,1834
76820768,4714
76903958,3701
74390704,3796
14711412,3669
5776659,3572
16335355,2772
77406012,834
16239523,2405
75717036,4194
662596,4678
17286247,2145
80328157,4320
77382011,3110
80035931,2240
16761704,4284
75370537,3394
77538869,3935
4877425,1526
10034716,860
76159362,2985
2757168,3856
5988911,1569
2664951,317
80183613,802
17000004,1937
80241020,2122
73324692,3528
15520863,4411
9369441,627
1849415,3414
80399037,3376
77320784,3297
78314311,3305
5594034,4223
76470524,2565
80149480,2068
16138924,3957
18122045,915
5142873,4073
76867757,3454
18339488,1737
74443027,3526
73745715,118
78338665,4389
309577,521
76993656,3819
77926666,1621
77227584,3072
706969,1523
4994984,4488
5270698,4169
75330073,4700
17389448,1433
136554,33
18549538,3475
17991182,2179
39674,3092
16915917,3558
73091373,2043
74827055,3515
77209510,4377
76882280,1821
17003418,4375
5401929,2041
73245788,436
76275512,404
75679892,3249
76096233,636
80396655,600
75659849,3549
6224955,4241
4778560,909
15246277,2412
11806423,295
80250861,172
75697876,414
75317497,1368
13725612,948
15346880,4592
17920510,657
74096513,3948
15197834,151
75711517,4787
80293733,1402
17035945,3913
5603380,3642
74269182,214
76516431,237
75626750,4766
70040231,3267
17574027,362
16710067,3974
5005307,465
74384004,2453
80233396,2819
6543153,3664
75059567,3984
78275480,3217
520462,493
18302840,3233
1566088,298
74390258,1094
80051993,1914
4509611,1427
76280432,270
78798470,2402
1319676,4825
76143176,3086
75112627,4228
8105367,3043
79858452,1081
75433321,239
10658441,4101
77022838,535
7109926,4061
1299066,4104
17886537,475
15352709,1134
15391907,4111
76885912,2420
17630554,3940
75022094,3570
17331428,2400
74907961,4442
2979830,3138
3152281,3162
3060443,1080
7540474,247
77023449,3682
76473535,2787
2813375,1483
79165,3690
15869039,3208
16098592,3079
79994762,1113
79905989,478
4702035,1068
7140634,1817
13686990,216
5470344,1377
77134798,307
75746661,16
16208044,243
3157509,3983
6711031,1084
76629033,1727
17391913,667
74246000,1106
16320701,4275
2717832,2044
72014236,1434
76296047,1517
2751884,2174
5901942,136
76811387,819
76169118,469
294234,51
77957902,1753
796507,2271
73092681,199
77217495,1127
6858777,242
549073,2137
4707749,182
276124,1575
166965,2359
15963601,3801
11126618,526
1671449,4322
6828436,3830
75003611,1119
15677998,390
80001261,3785
78461802,610
16177383,3824
17403480,3374
5309406,1398
79994582,1056
73799752,15
77156480,1659
75128325,223
12879168,1218
5930309,1829
1325699,1124
77549765,3102
75556130,426
6231065,1110
16175410,1525
76956402,3271
9670763,1484
75766226,225
10040310,3993
76560527,3262
13382645,1252
80297041,1501
16198257,4042
80334912,4131
75209131,3495
15694578,1077
9809482,533
15151587,4552
3564573,3203
76436426,990
15760368,141
17122783,4121
76520592,4503
76452842,4033
16188170,3211
80244542,4338
75227228,385
77173308,3218
16727286,1532
80088389,410
18664792,97
1565051,4536
18631203,1076
75761439,3185
1754729,1132
6810535,545
10036570,2020
76889207,2514
74236840,3318
79892689,1952
437402,2462
15391165,1349
6219765,4062
18175810,4116
70301489,3786
75399666,2543
653151,4269
4773090,1866
80243789,69
16964599,228
75931952,3992
76350444,4478
798997,4063
74460468,1892
11116039,395
4694873,4379
15472798,252
80330174,4922
78339644,2193
75815373,1562
76467643,2450
73060238,208
7359325,4094
7190257,3124
16160604,4018
79920433,4690
72053186,3119
6650937,3245
169232,359
18690950,1074
74248777,2517
18367800,4019
80334144,466
84620,4391
18742276,4791
4406691,2421
6409562,149
4406484,3136
80456536,2316
1227534,56
7390475,3684
75845151,3861
818709,411
75465543,3287
15196739,3215
17663977,4179
3447054,878
73372102,3693
7142786,276
17808540,2311
8170419,3692
16181750,1949
74240922,2401
6280296,1987
6001691,1460
265612,1111
1447190,4626
18116255,438
80330188,3195
17582499,3694
74308531,348
6994977,3479
15516408,2002
17321807,4528
325160,2040
75736315,3630
6034128,4017
74755789,1711
74774299,1101
5832992,437
168560,4656
1568418,642
80059182,4901
12399061,1086
157431,1108
80210028,2859
76372141,3941
8155282,659
6370533,3128
1397565,3313
76225505,286
73446340,3840
5771620,9
16279255,2921
73450922,234
16257652,1093
1871615,3823
75586712,569
5834329,3261
9975362,4535
17412893,4339
73031104,432
15660903,350
18409955,1943
73902403,3252
80374106,4363
70375386,2052
75627522,1629
18243448,4130
79928335,88
15671149,1062
77280478,2448
4230936,49
16329753,1478
705873,4331
630247,62
4761309,1420
15837369,2415
75425713,3052
807895,427
5796495,3223
76183975,4679
1825335,64
15373057,3277
5285424,1542
79947907,248
3256755,4106
76351935,3716
4783769,3292
74550321,487
78729655,3892
6421807,3905
77225409,4559
80004279,547
16808833,4129
70440443,4832
6938852,3161
77013584,3372
70398671,3243
77081718,3851
76230389,1066
8110486,896
71877316,1849
80094179,3270
75221979,694
728715,1050
76530751,1051
76182499,1170
5397425,1847
74368178,361
18890311,917
12992271,2205
1805692,804
1331611,2781
825425,676
17872643,4624
6610804,204
80036599,854
2453024,1172
1263712,2947
1575520,425
77230877,3014
15345023,3159
9767407,160
2572156,2824
17950052,3863
5067109,1247
9817328,1507
13251075,2828
9325522,1030
5065341,2817
70531361,4517
5350564,558
77283639,4719
860530,952
4714718,2961
6126249,658
7460230,3026
17076743,1766
14795212,1269
568934,1495
74489401,2524
17283109,4076
71962028,1463
74818593,1508
77195479,2837
74526184,513
17047728,1175
780421,137
77219502,2801
73747971,4642
74827647,1233
16242985,3349
75058112,3655
77150754,4542
4694059,2714
80005390,1557
80457507,6
15269360,3463
75818155,4666
76431059,4564
5471737,4145
73991789,3470
12575717,1871
409901,511
562530,3816
17365723,4206
9868663,2589
2824817,4948
74784916,630
2619993,2867
75110787,3727
74150967,3894
16196351,1510
4408173,4075
76282492,3932
13498271,1779
79998427,1758
8091769,3611
15764908,979
244829,384
17568180,2535
74909254,4327
77386741,3422
2452527,453
9664522,1286
3057203,1333
80346130,1337
74996023,3712
646583,3348
1314740,4873
80206768,2207
77808810,2200
3110335,970
15533804,1911
74825000,3668
79907246,1887
793257,1012
73971924,1904
6299207,3787
80223971,3646
75869486,1404
18455214,59
15070736,3772
616139,2531
15936361,1187
16190169,3782
76558397,3531
860663,3989
216126,3949
4702446,1029
7030713,3833
16222407,3715
72110683,3075
616169,2860
75661209,128
80044178,3423
11242601,999
80450964,1662
1788110,3253
74765546,3529
4893746,3466
18651363,3587
340237,1347
80238614,2326
76736127,2839
5325658,663
1279825,4266
74233749,3029
1672363,918
3501125,553
75987569,2690
226893,1212
70368847,2649
1270137,175
15234486,3554
368514,4584
1214250,4795
726096,825
17727363,2577
75285789,4054
70310018,989
5908224,1606
80149822,3039
7451015,1367
17035573,787
16153065,2751
18699825,2858
14918905,3290
17601957,112
546760,3654
5279142,28
74881657,2189
17478750,3522
16886276,2634
79910622,2672
1767314,3586
1172471,2542
3054101,840
12872501,4078
70496893,1751
74968420,4607
680965,867
75233071,3736
75424986,2664
18789974,1341
75024278,308
80057088,1756
75281877,983
74332461,578
1225977,3003
5787689,233
1419355,445
346140,3865
5399225,48
1265839,2230
15155721,1648
76588592,4780
18548502,1379
76702347,3340
5201995,1615
79906635,1043
606166,1275
17418901,938
74399491,3391
4715340,1506
76074469,1386
1894269,2065
282540,2599
16353382,1369
179891,2767
75790800,3511
554151,3540
13078576,2303
3104326,4080
77220694,2663
1537248,3616
79995516,2527
4606630,1454
77289971,3024
1758837,684
4896158,2113
77196415,2538
77856020,2643
74896963,2774
163145,1213
4507082,1199
80094705,489
18860801,2623
76997596,4009
1457300,2164
75713890,3802
75993073,3336
74032018,4697
76293096,3578
5164592,4140
76176837,1953
74758532,1686
77004332,2896
75425482,1935
5325891,3469
80088475,2209
77272112,3798
779934,1991
79891338,1455
80148995,2532
16031823,1189
80051620,2966
75062284,2351
79747997,2430
77198362,2197
73307146,2742
77387589,351
18661673,3546
77020807,2548
74913635,3982
17411531,3790
4618453,4154
12395918,1194
570190,7
18868232,755
76268751,42
76045600,2699
70175331,714
74446423,1139
583492,1616
1751086,39
6301899,1256
17882637,3794
80234330,3333
599656,2757
78730260,3552
73796672,1464
262869,1599
75207790,4887
78053733,634
74825612,2562
80248481,444
75605819,4944
78318913,3332
9388036,3059
75684055,4827
79753414,4022
4430232,2773
15813415,4929
77380240,1321
16194552,3848
1651939,619
79896995,1590
17324526,3884
77396113,4354
74433450,65
16733712,1273
1389424,3273
5896609,615
6902522,656
75816309,773
18423845,731
7086150,1794
7531064,1031
2463812,3456
80047349,2724
78377275,4190
76994828,315
76184063,4849
77397776,3097
76962008,3869
17871992,2012
77405806,1945
70431042,4085
653858,3735
5866542,1815
7457057,704
3552277,1989
18287809,477
75733188,3373
75819445,3857
80342166,3307
189007,4401
77782818,848
6525364,1314
1241934,3
16441084,4578
3293179,4112
125914,1326
9946953,1250
4898883,13
77136616,3573
8575273,3822
1212953,1229
761712,2573
12571319,3134
4892437,3917
80133152,3424
16385154,4927
76986905,3657
18100710,2938
5537734,612
1007326,782
80030708,550
76098761,198
4285019,2595
645445,2352
3535244,231
616120,1280
607292,331
76381058,2578
79969282,278
614216,4032
16168751,2917
1216621,2461
6761492,1325
8439169,2835
6662823,4885
70633543,4748
5414197,2709
75456022,3988
78102708,4137
17953558,776
15986962,2330
75568325,2437
1660584,2813
9988326,584
74515943,1100
3523007,929
18917350,649
15870479,2017
3538011,756
770110,2683
78463551,2436
8013806,4475
80307158,1138
2643272,671
17501027,2408
18556959,29
167059,1627
15937803,495
771281,3613
18763005,3176
75015442,4395
567098,4616
6221838,4963
77192601,2630
5030275,3199
5342420,856
80087653,2256
76507296,3938
1264678,996
10790982,2862
75082432,4815
2996073,4408
2874574,1960
75864609,3103
14255207,712
18614482,1855
77289898,1201
304842,2528
73952317,3358
5835939,1614
74917533,3641
317591,2156
940060,1317
746398,1204
3231571,2563
6711542,4011
17605009,2873
5838800,3673
3407990,3775
599194,2216
76737182,424
79761535,2939
75022273,3154
17324435,1668
80149143,933
15659137,4144
78458965,1028
16172367,210
15626938,3662
77254041,4195
9235698,2645
75313447,1705
773559,301
9963143,3315
75017708,1518
14206805,4128
73699941,4738
73229195,1522
6222893,2720
76101295,1193
9876973,1850
16147384,1260
8040107,1332
76833390,2585
1289225,2466
2379355,797
79748007,3618
80248723,1583
12374657,1208
14427766,326
2375034,1996
77284257,3293
1521235,3534
77017253,4113
77210825,3127
1658686,4477
74076459,2217
75610589,3743
75006458,764
75193746,1226
75599119,1167
80219373,1476
75687137,899
189994,1907
600395,2583
3026597,4261
75989572,2920
71515,4452
2700632,3280
2386140,272
76231234,2976
75992598,3084
2342644,3867
2448556,2977
1508104,4548
6381882,2782
547890,1105
4697675,167
75986822,2582
73521370,346
17286309,2139
76557063,644
79949254,2505
76560784,2805
508137,3167
75380302,2520
74977012,4028
73362594,3304
16196123,3204
75477599,1474
15732670,869
3130058,4799
2578454,1163
430409,1390
14933003,2281
77784425,1231
6997104,4337
5421981,2752
80387055,382
5472345,2611
80336321,1696
80224351,728
70365105,1681
2717278,3548
16891869,3720
73330233,196
549212,412
77080813,1447
552905,1036
70377914,409
73693122,628
3188566,3491
78336841,213
17534777,3504
14967903,839
595983,3222
2187226,3744
655831,408
5540127,603
76735507,2725
1544884,3098
291911,3777
74944656,2697
76095301,3420
1331137,1027
73008074,3370
74516157,4509
75441916,3417
7530874,925
16320293,2350
80039516,1748
11229549,750
80205901,219
95372,1509
5726849,4663
74750018,1718
73492960,3268
376485,2891
73229871,3126
10121690,2712
3414459,710
1170961,697
5729605,4622
79910348,3129
5408284,3493
17319106,2707
78059497,810
77231862,3107
17443824,1733
265391,778
3030427,1064
77417012,877
77409545,2167
5601236,2681
309918,2733
1214722,734
18959576,651
75872310,910
7514904,916
76884448,788
17899492,2602
80210297,1026
80040361,4500
373857,703
625784,1661
74577637,2138
16225337,2587
1070882,2668
70045137,882
11425209,2786
80333515,4712
5986503,3009
17847048,2313
75995319,1039
70295790,3362
76762781,3314
757463,3357
76971572,193
78787279,850
74262816,1924
11680025,201
171313,3661
17231575,4174
74758081,1002
190779,2035
8113948,3248
74654051,3321
75514036,2136
17326506,3579
80339475,1019
80390377,3577
2877175,2905
5796014,334
2457274,3010
16343792,1763
358164,2150
2316954,352
3442542,2125
10268147,2486
80154221,902
76958503,2769
74686794,3678
80306306,3698
3476363,1057
1671696,3918
80398650,3137
80146309,4556
75312176,3375
15117651,4181
77017052,4841
18172353,509
15706967,1
17878209,3599
1208936,4138
5893907,2893
17639070,964
80358450,2980
714268,1289
11765126,1567
77635313,785
75773692,3547
664567,3726
77109001,3345
646537,726
17402510,1214
3070591,2928
191224,2852
7469932,2235
4413459,4319
77171914,1380
16354149,3800
5402093,4311
6131763,881
80004649,1338
77097519,34
7438175,2612
11408709,2342
73134852,522
4807439,3398
16209573,3637
79928824,3986
76597003,123
577788,2534
74320924,2032
5199556,3686
79755670,1373
577772,4303
76648732,3303
6554344,3818
628661,4029
18457809,698
78376581,1282
77029401,2269
15327871,3812
76219384,2784
74971049,3793
80296,3295
74854780,1566
9824802,4930
248855,4433
5100736,1005
2327289,3677
73087903,2713
16346614,3482
262013,665
8323368,820
4708998,2984
14814997,1473
2624552,4088
16993406,66
17677756,2096
165238,4310
16270008,4117
1511472,853
764014,1491
6824907,1482
10805122,735
74913331,4651
9979336,1143
76034798,633
6283763,3760
2999390,1403
294647,1835
10209327,4931
9437170,3385
80342193,741
5986464,1657
80244088,2607
79958450,889
16170041,4226
8489163,3459
4956850,3764
76742530,3487
80234206,4070
80043297,645
5148018,2187
3436972,749
4618040,4429
164652,4057
73156116,669
75108453,4167
73454539,1609
745189,2572
224733,3755
16200322,4047
80234080,3352
76282885,1868
10121866,4928
586882,1901
75990963,2081
6879504,3705
75424771,3770
74903828,1710
80341972,2161
810360,3096
2677452,2722
80322830,3031
80399413,3581
1279262,1292
877592,3635
76271757,3931
75313914,3758
312246,3158
9424592,4016
15691028,3346
1214083,467
6862292,621
6891617,3550
77267210,2214
16474817,4119
75338398,2744
130787,2897
75260836,1582
15724325,2407
1834244,2338
10566886,3564
76628128,3850
11509455,4654
7079710,1444
10579352,3671
76810452,2185
1317664,4946
75104323,618
7382231,3294
73371353,1613
1772175,43
76833957,2586
17919873,3640
1329836,154
9794153,3750
77165434,3035
76047683,2765
76250169,1133
80249033,3747
75492826,291
72026583,3044
80180523,2306
77160631,40
75318566,557
731797,3889
17631327,934
77235035,2913
76246970,2477
9865778,1499
74901030,256
80233258,738
665770,3806
5790663,2967
10158025,3619
79981144,3691
75151437,169
6373390,2334
534181,379
76644663,4067
18584823,3742
1512621,4105
249119,2299
78384695,1936
70645394,3237
764033,2464
70338474,3444
14400924,589
71975210,381
671752,1555
6510514,340
2981773,3083
77403284,1053
76266694,2208
359590,2639
11989045,100
80383089,2495
76507496,3828
77847266,1564
803542,2957
16307801,3604
699858,250
74882120,795
860342,135
80185004,1922
15480248,2054
80087849,215
75958797,3980
17811622,2452
1297549,3609
8083467,11
74467366,3601
70451964,281
616356,2427
18735372,1619
5517369,3681
18251919,2165
533720,2919
10128799,2417
278648,4215
3342651,1837
3358097,119
77712795,1967
2841065,145
341128,4025
78810676,2202
15427545,1598
75708569,2463
11177853,4021
5837651,2915
76573513,2454
16189665,3963
596119,218
73274,4422
73742045,1319
5838707,3895
18486350,3831
164266,3888
18893003,12
77372875,2428
77868490,2995
75663452,4013
80036124,3602
16304575,2490
15590530,271
75658562,1065
76681476,1597
16990326,3360
80241593,440
9987221,1358
76362942,4049
2675913,3711
535145,4059
76596361,3689
75471479,168
613088,30
72034351,222
17916534,3160
5996121,102
80404211,290
5139399,2460
17330230,2354
13226464,2467
17729506,3242
3373405,1932
16298102,479
78375482,1692
76602182,1746
77321925,1092
262329,364
5345055,183
80144146,1099
74685670,2039
70428019,3004
11931676,3188
80240676,3827
621906,3876
695356,3559
2873274,3041
1653971,517
70619714,3235
15843540,1802
77693748,297
76868984,4090
74752264,130
80390785,435
77278222,4097
6010409,2429
79879613,3639
77487,3118
17998001,4027
79817410,3049
77326096,3074
17777249,1921
6321159,3050
15289704,418
751392,3953
77136357,235
1447754,106
76885262,1976
70497297,4776
75162522,2457
15524765,365
74385884,3411
4724390,972
77286048,2399
2788333,3803
80237726,396
10811567,323
9744032,3082
18404328,302
13002286,3944
80044117,3027
12565777,392
76276933,3593
295199,3916
11963261,4095
76718409,963
6285789,31
73756934,2440
1056279,1118
76517471,4812
73204463,2378
1712162,3942
12547266,3765
188264,2255
17878796,394
74828723,1863
741788,4253
1373340,1843
1025473,285
6507032,1721
76294707,3228
180449,1760
17679928,1804
75054566,2529
16944988,3081
6608393,3106
5651521,3005
1035862,4962
76999886,3021
850984,1955
600776,3560
13242835,4193
1237147,419
16019897,2459
77519903,4040
1984070,1530
151651,1120
17371728,2945
80339040,407
5649777,1781
15335456,3919
15860370,3193
77011756,3278
535867,127
192648,1884
77790673,3882
18597542,472
4854150,1109
74817844,2469
9773550,2983
77332599,4845
77136670,4334
867184,1083
5090796,1568
2644290,2465
80047121,4043
76515897,1544
18454501,4035
669308,4219
73008298,2432
17316577,80
76807157,156
17877454,4742
5011049,1983
80214370,2347
535628,3091
80216638,3858
70239698,1116
734520,4953
290298,249
75827777,951
753500,1129
76436941,3094
16328812,264
10382411,492
80236232,1123
74244888,4335
509681,391
77061505,4058
16202691,563
592922,1142
9806593,4518
12240024,485
7055929,4201
165028,377
8340617,3355
1671637,508
1308185,2358
3437689,220
76281755,433
75279384,1297
631231,1742
76212886,4868
18381752,3220
75468053,67
4484656,2393
71876049,244
2654641,1104
76158222,1157
6591992,2225
518444,3644
16301262,2493
6381114,442
14405135,2446
6426196,266
744521,1022
16009965,3723
6822216,2438
4280519,4092
70412952,3627
1224774,1017
74331765,3033
54696,935
2673836,849
77697112,2857
79770726,4381
291964,539
3034421,1970
77164897,1778
78743989,4039
3298864,117
17936589,879
517226,1791
74060815,2906
3420782,2536
2267667,939
221069,1699
13671293,2883
2385982,2890
743829,2051
8578830,2270
182791,337
18193392,858
6199524,1480
76892476,1387
17425092,2770
74894975,2560
16338627,4762
73589774,1281
77530034,1408
346932,1857
79861597,3859
1172063,4547
75566225,1642
80004533,3440
6600653,3260
883435,2244
370260,1413
331865,872
1461094,1363
15002430,4172
74495558,155
546223,1071
1362108,940
729042,792
5000286,3955
517022,2661
16346342,3216
9891718,4271
80054094,3756
80051847,3201
18551076,4858
5350801,103
852431,4008
3055165,3804
70188996,330
75607733,1073
70451430,1011
16347400,1166
15731130,1709
113806,4775
80129757,139
801221,4050
76824063,985
75327964,4459
77160981,3068
162739,3784
5286057,4125
670903,2861
80093923,962
2843306,2978
16186740,1215
70522643,732
74998009,1651
80130154,4960
2777053,1479
4695088,1449
16275276,3311
1813261,3378
6948768,441
77870116,2551
3199600,1147
1616723,1656
17728106,2523
17734279,3868
76803297,3991
889583,1244
80048108,554
18548693,2471
547952,2576
78334050,2380
1569576,3788
3478080,2355
9767828,1680
80059353,3140
323291,609
523189,1181
9870345,2001
16313444,1414
210081,3078
6545926,594
78324862,1604
75157885,775
17915493,2737
115893,320
80144965,3700
166635,1366
17642927,4937
2034760,3817
3666254,2307
810379,3762
74544081,3334
2769473,2706
978257,2199
80245184,832
74398840,2568
8337005,4020
108654,3629
791878,2357
77385235,3976
740033,3285
73781201,740
1291118,4589
77105196,3539
16679799,3959
780802,147
912117,801
1238933,690
1658671,2888
70535125,2243
80370510,2763
3633423,2802
2674744,1869
16414520,3844
16208327,4941
79907939,226
17656134,984
1232476,2808
190479,3339
77532623,2673
890925,1067
75065317,4405
5467902,767
76169694,674
6138583,1690
6945902,1446
73130383,3792
109763,2853
16316363,3660
2273605,3503
70489359,1306
15357235,4926
4307832,2754
803709,462
18604097,27
415018,655
8409147,2710
75077019,560
17455650,2290
79920446,3038
16185484,3042
17646803,3076
3501566,3403
14808682,2718
17377602,905
54515,3968
789586,2592
1510112,1820
6413515,2083
17424452,2107
6983328,2048
14148870,1436
76370052,1646
788994,2069
1298438,3594
17321987,2969
749352,2296
3143335,4640
10609148,4168
10165337,2632
17875693,2626
80155947,2684
76801833,3457
1227130,3622
186899,4874
2763231,2934
787403,3543
8544763,4252
74197094,994
9218007,2102
100121,3520
693293,1063
77367841,1268
16179200,1372
981326,324
75265401,1406
17504842,2662
4827688,757
76801440,3542
77380413,2700
429018,1634
76805387,3506
80251337,529
734107,955
78331260,1777
9705287,3555
8290866,2546
9819163,1497
18650177,2691
678895,2975
1852674,36
17500516,1618
15805355,911
849391,488
77084520,3658
3497135,2604
73702448,3452
89933,1141
8026134,3538
12549559,2899
6455109,2685
279163,456
6950060,2830
1654930,1920
876359,4118
4707036,924
563508,2439
10341074,3590
700386,912
80038139,3643
1269831,1183
76839220,4324
8176513,1295
74385335,1177
123668,564
2314410,2364
80387160,2716
18760972,304
926075,1556
18147533,1248
74522679,1902
6824213,4603
16809207,2650
799483,3384
80400911,2850
187642,1514
831817,1701
80237495,3397
11395893,597
70624752,4788
1320810,3510
796408,779
76294697,1274
76021646,2882
15558797,959
123463,4376
529402,2058
80148781,2823
3104977,4107
17994047,3467
70365337,3730
16384260,1305
255697,2483
77032489,4886
18547863,3738
75051,1620
14763313,753
1426557,1703
798547,2106
2377628,4588
8491785,3012
1382431,2629
76467052,4521
75520939,1144
9746140,2886
805956,22
5512239,2056
76576844,572
76316536,3131
109000,2698
15380332,3961
3124348,891
18119768,2250
13518462,761
8039269,2753
1300063,288
10196129,567
984359,4549
17458170,1230
346350,693
261041,888
1318222,305
654197,769
76632524,2441
90320,824
373278,1241
423924,2614
17894953,3614
10671228,3849
9906506,2381
2768617,2880
80403334,4628
14968651,2392
80407624,3117
645638,2087
78462300,1261
3038787,666
14998807,4648
80395713,2061
73159174,613
894763,1948
79841380,4052
2602301,3749
4966732,685
80049537,3458
17654137,3582
1237769,2194
79817515,1592
589377,1224
74682333,2735
17687474,2148
17422874,3194
72044699,566
2666200,2530
80238005,1375
793222,4421
1459623,2129
2672528,1947
5994358,766
793058,1942
1526229,2343
75057958,851
6021431,3866
5342152,2089
13435595,3624
829775,484
76526975,1440
291048,3880
76459808,4813
18256287,4964
896585,1808
79880599,829
18361054,2806
86390,21
16160195,1939
13028810,300
314693,3341
2873315,536
78369023,936
770707,3088
109644,2721
654554,1046
4747521,1059
885944,1145
686915,2974
75732219,2603
810644,815
15559139,2157
5286193,3281
14978180,641
74381238,2513
76940110,3615
80141884,4307
9529599,4801
77210012,3413
80044570,893
3507170,2580
1331240,744
70520,1070
77329473,638
80135628,4498
5471849,1591
1059978,3474
653704,2635
80047182,2885
8328607,3507
5513222,2488
15811239,1095
74904206,1200
3619568,1103
77413840,1015
79914380,868
623275,57
840948,2126
13785958,1195
876419,2173
521060,3728
16158750,3465
7328062,121
78306495,1611
192707,2708
11430477,768
74474202,3002
13300814,2895
721037,884
73102220,1176
76272869,4802
75467108,2422
79972705,719
6138238,1415
17802211,702
16184859,4242
76561275,890
78739751,2509
2837463,2591
5908812,2610
656710,502
538352,4366
18955045,2397
6543620,3789
18699084,3112
18765613,2458
577072,2261
74525600,1492
77544348,1034
16192975,1783
77923049,3337
79928690,3298
17804432,4295
15672340,2525
6767504,1114
10589890,3903
1209588,957
6316829,587
10652123,1527
17575208,2778
407953,606
80037440,461
75276500,3530
79986770,1265
727636,4314
14841451,3171
5741964,303
18740292,3877
77690124,4418
794614,4084
74060444,598
653358,1870
74320339,4183
16335872,3439
18004897,4001
4407598,3488
754652,816
2715883,3486
7037359,864
17873203,3418
564859,537
9495883,3665
74363959,1409
73543697,274
75067922,1264
74170097,4142
16480016,1504
4773087,44
7319376,460
572764,1112
12186655,3232
73504024,4100
80182227,311
5607321,3650
74634363,3275
357230,450
1322528,451
17520696,2060
420912,1391
18300134,4973
75720203,1078
77850547,3387
74633842,1082
76769641,3774
9355953,420
1751162,2182
76765789,1088
805095,1085
7402050,251
187044,1813
74585286,2555
1243589,1399
7382845,35
1567579,2409
18551850,1115
75105435,356
80053795,255
80039333,1125
77091315,4627
74577556,3645
284345,83
11688621,4277
18631015,1593
3197961,3821
672397,1561
1847982,4829
16210794,4483
1782721,3239
16167775,400
70361197,93
16666654,3286
80056622,75
77414995,486
16105624,2561
70454477,1429
2844568,241
346189,3224
1549811,2994
10637272,2449
750714,2413
6018365,53
12839377,2297
882624,1769
79754168,3244
5541988,4066
9841286,2064
1038432,211
70444259,289
9534014,245
8510243,3902
14203067,1045
80043712,3008
77291,3274
80141987,1126
1923545,4761
77732646,1466
789797,2411
75840565,263
77701492,1688
75548809,1135
80207244,2341
17062529,3177
726078,3741
16147080,3460
5154142,2479
2328358,203
3600105,37
79984281,316
853739,2756
79909073,3147
74901457,1643
4409682,275
121400,52
76869719,1087
534518,205
79909516,4623
189414,221
80183099,2798
121454,2964
2039143,354
145019,133
7087531,1121
18936472,1137
179806,3219
1306035,4099
78113817,496
4604578,1089
5897437,2388
76423130,2447
924553,2588
3393782,84
267929,1090
16753880,1631
780288,3168
190233,3258
1664754,4470
5212504,107
16290117,254
7098585,446
16310894,26
958426,236
8474029,1069
2643019,3202
16405579,3291
16362496,2394
18456511,2511
17044064,1097
16012098,343
1566611,458
1272874,335
9665028,3288
17233161,3950
75227733,4037
3484134,1220
16948733,4710
1957968,528
73469132,2581
310588,347
8299158,2142
16976932,3826
1544943,1378
77133587,1963
883891,4733
280531,1979
17577968,2224
5779322,1683
16661923,1205
16868151,3451
14894252,680
9423009,793
1559254,1489
80198134,844
73341533,2704
4824555,3483
16130831,2874
15862705,3431
80186312,1394
1329016,3972
75211647,2892
846753,1894
80060823,2935
77147046,852
16342898,3342
77258716,3928
75594729,1304
8230694,179
555931,780
7529833,4102
70448173,1574
1282197,4055
5087754,2242
73703516,592
14943915,3563
2823797,900
1546653,1382
18093130,3051
17581559,1153
1315948,4664
76927457,3879
15373365,1789
79981212,1032
109002,2442
2082593,4950
77271,2812
60742,77
75016813,2253
58460,784
4447071,3058
5067882,722
74580714,2898
5641994,927
76641276,2177
7520688,4713
80095616,745
775977,608
75613214,847
70648282,635
74250069,4134
11217274,596
440240,1430
5212260,2676
854645,3532
16162352,4634
76440443,299
75062411,3485
329908,4895
5727268,2605
109821,2617
77901943,2485
76039984,624
75841851,2739
17734094,2951
2345967,138
79909801,416
15580251,1909
9445856,3406
582181,1520
75314936,2992
10012576,3276
80240583,2433
4762932,3404
17876320,3674
18876821,2833
77199929,3409
11968061,480
11139184,723
79927407,3407
2462768,2387
6225111,2768
3447445,664
885122,2910
80037993,3585
686718,19
807582,863
378009,2665
15467891,3592
10837037,836
7033351,2675
16407189,3721
78368668,1203
796183,2680
10060405,3146
17497011,623
80150843,2228
6831780,4203
74523520,2559
16867069,2982
2670799,287
4284394,2550
754148,1472
18750552,353
11871009,3763
76723168,4527
1125267,2764
329995,8
2344806,715
14985806,1438
1550775,1155
70687797,837
74921128,192
80094650,859
78334102,3335
72007235,1803
10542461,3897
16166001,3751
6223918,2053
12878584,3432
2980345,906
3205025,1416
1238370,2553
80002606,1893
80048870,1487
1233841,571
10600221,1687
16212011,375
75203277,1293
73736052,322
7147702,1531
74749955,3562
80134381,4532
75921746,1393
1950395,4034
77902940,614
16185232,2481
70524292,310
6747403,500
110440,3419
808308,3835
4506715,3779
15997367,2510
2041146,746
6596846,4726
6368849,1682
5349039,588
74682919,1877
1553404,3085
77408607,3383
11449058,4347
892356,2637
11971355,2425
16904963,3380
76236259,1140
4430687,2257
18117170,2468
1206382,2203
75454215,2842
4725782,679
229309,2743
18362770,1524
74269623,3087
75877399,3415
1565855,3631
10939110,688
1062842,1327
75021881,306
74437470,197
80054354,2887
5402797,403
80180027,4977
80028276,2642
194548,1908
8301704,542
17908499,2884
14930790,3731
644343,4764
76859436,92
530731,2298
74367332,1283
6038826,1552
9499073,1540
6465774,923
589286,165
1178421,1882
76029506,3541
777442,2042
910242,1577
883880,895
5913370,1822
1280566,490
5062007,3192
17583032,1962
1330753,1079
7510061,808
3268545,1190
73592380,3553
73292886,2526
80391792,3939
893557,3426
4956528,95
73877407,1545
5397601,4124
75379383,730
77784215,941
79811089,2590
15141113,691
519013,998
77860041,772
5787434,2545
7512860,2324
1074075,3300
70444587,429
6117443,2371
3440250,3309
183028,3377
4778850,2062
17267627,2196
78058444,2166
17023971,1729
77419725,885
1308329,4251
74691163,3893
2641784,570
882735,2821
80236662,2038
76706793,843
430783,3428
3192711,3446
2887135,4757
74017008,762
13552861,1421
73087078,2498
75409392,1294
5140307,2968
70155882,748
6963561,3497
74757100,212
71982925,3246
1372224,3505
16407667,865
16244790,1054
80448994,4293
4249826,3946
16732841,4907
13491069,3994
71971472,471
74021914,3067
14760454,4568
795093,422
79961242,926
80185778,3589
80147226,3166
10153929,1445
76897300,1010
74755462,1171
16345363,4150
74751497,3143
76580286,4212
75476471,452
5499649,1675
558527,240
13845838,921
75186428,3231
3036303,1471
5412117,58
80248137,1371
137092,1927
77036103,1196
6312300,3066
5651455,4415
73362949,386
11814302,2795
8066652,3663
5906701,131
3476104,1812
5982649,277
788473,532
5674995,1799
880986,45
76563322,3016
12550878,3979
2790622,3180
4407824,293
74283880,1136
80048986,1412
75257389,1800
18439953,3947
2319235,174
75373901,4494
8015192,2903
2457568,2694
6016921,3494
15976687,3945
71988409,689
74284775,2006
74403385,2356
79978867,2124
77060591,4615
855433,2340
18254653,1959
74766975,678
16209896,4758
16256460,4469
80276966,4647
729305,803
18374548,1633
9679487,109
15116784,1521
77291200,269
16392841,2384
5098524,1546
79767604,2332
7384976,4481
5283389,4816
74828048,3620
77863788,3886
16184114,2598
16475923,1639
15570486,4420
17400003,2918
73158754,2616
790918,2278
76952768,1047
14855472,3778
1504792,4769
78374134,1726
546652,1496
6877114,2292
6711793,1008
76205269,1630
73050732,2829
11118000,2360
626203,4811
74818901,2265
1762932,2846
6649517,4807
9242427,1754
77954660,1174
76493355,4340
80288417,2948
599607,2385
73163198,2489
6525061,1308
75969860,4720
73527319,862
80003853,880
6933260,2184
87229,4412
72055153,2049
75919630,3832
2749064,4824
76072987,2929
73972550,1980
16301854,966
794762,4474
119643,1771
1230425,1906
77177558,2501
1207257,695
80095274,1448
74811864,2134
17435750,1938
77215844,96
13629146,2851
78744759,2263
73156449,4856
1256322,1535
4895250,4696
614017,2748
73174175,4561
9926966,3165
174422,1541
80247299,4258
16244270,1934
807589,1622
73580993,4724
5360152,3704
5910811,4247
74771680,3908
6944511,3473
76192811,3395
11860350,1861
8298851,4213
2361410,2285
191828,2372
4774133,4682
79751331,3329
11800422,632
798746,3556
73148041,4440
3443843,4357
4237347,2475
79765558,2294
11164091,4903
171951,1617
70376459,1898
77195882,4655
17519936,4707
74696738,1669
73085605,1096
16230079,2130
74985323,4834
516767,4915
73072390,2128
4512133,4156
79947160,2990
13637495,2176
73963471,1055
4823602,2866
6500382,4439
6519337,4466
129454,568
78459578,1797
3192193,4870
79816090,124
17346613,2864
4310757,2512
79986791,4884
73843505,339
80003149,3502
3512399,3956
8312714,2247
74761024,448
5163240,1982
17908222,1543
5062519,4368
77207631,2670
12960764,980
3835223,4577
16345315,2152
731279,1485
2344559,4328
73742361,4919
1538556,4790
14188305,2799
77413956,2540
761041,945
833609,4446
75107857,3536
76966348,1957
80347036,4968
79843929,4906
17668887,4015
12365856,4951
70444744,4974
5604955,4445
773989,2901
18195601,2657
80088386,1637
2673853,3965
71888781,4994
74477408,3978
74851777,3433
563527,4954
80283019,2391
74329339,4372
725921,3969
15814565,4598
529276,3032
78075369,3179
73210149,2732
76687931,4734
14982643,4353
73227786,1860
790455,1930
6220251,4933
17585013,2900
6710657,4595
176583,4729
17476158,4620
122182,4988
278972,2818
728800,2321
79830084,2325
3381026,4803
16006812,3120
18208913,4289
5771126,4604
10107046,2286
6849960,4789
17808118,4572
11707749,4235
80241360,4225
312185,4879
314398,2241
14849443,1547
2696303,4717
2386874,4850
324170,2870
16372457,4804
75242071,4529
9335798,4345
74772336,1578
78740449,1159
7443818,2085
18630579,4236
3286647,4453
73054771,2959
723918,3361
76453173,4983
74239885,4986
72044929,3697
74683142,206
75574325,3647
75498937,90
2354498,2998
1335105,4582
74984560,455
162608,4369
70223628,4601
9245245,1589
17466490,1743
4314145,105
518472,4644
73239091,2108
75279955,3921
74475193,3509
17138407,2780
6520126,3766
800389,2119
18955640,4781
10916211,4975
2874396,1929
73159059,4674
16272890,4554
1070724,3392
192670,4192
73337001,2383
75604209,3926
8184978,1498
75672985,4890
16435274,2793
74428858,914
17492113,4893
7452683,555
17971414,3405
437180,3130
3178292,4460
78767808,4730
16237034,1240
6877002,3013
17228548,1417
332026,1573
70363034,3132
18593444,4786
400017,2348
3163784,2647
17950231,3477
6288668,176
729467,4965
589379,4398
6949998,2029
1779388,4991
12064369,1768
811436,1917
77293978,544
183413,2396
6410606,4214
8104202,2621
5010080,4380
11708691,2965
720759,4419
75384656,4785
9436504,4999
3267570,3062
18503935,4250
2365658,2783
70179458,4458
9210180,4343
1307171,4989
11667952,1697
76951306,4378
8279017,4605
76574842,4862
4244044,4966
16186519,4068
79973985,1318
163033,611
858033,4361
18438697,4708
3876657,1595
6413389,161
17054935,2854
75665610,4304
191707,4332
16944106,1335
14871455,3055
77199573,3584
6513942,4186
75181017,1998
1006699,3739
4823066,4917
77871396,2931
75019736,4388
75469797,4636
77541272,4273
73754649,4905
2813629,4326
76291313,3381
16260946,4658
3116704,2149
17363469,4728
73959394,2379
76145955,3653
1322443,3144
73456357,4364
15478535,4982
193343,2423
687308,4957
1291927,1490
16968518,4342
1788156,1801
74171440,1685
5216386,4660
80003503,4669
73612155,4583
6054069,1299
571817,4291
73483344,1734
75156112,1712
75658751,3591
545653,4767
16221537,1880
77577666,2747
77328340,4077
18180835,2333
651193,325
238177,3981
164738,4543
70185743,1838
4411340,4262
17784719,4506
8207189,1149
628796,973
1259947,760
1020342,3607
73075423,2284
75866954,3301
5138318,3101
1394886,4823
75431289,3434
17484517,4822
78224218,2759
77201053,1424
79840570,1493
169704,2516
191446,4691
561900,2502
4904228,4867
75999216,4958
16251699,4565
3265969,1674
70201684,4611
80280254,1023
17579649,1238
2362337,4557
74765954,1494
76497169,4716
72083193,4993
70491321,4711
17815604,1361
5644715,4695
18846649,1671
405576,3899
79948178,2345
74423842,376
74883686,4473
1311011,2923
7394111,4755
70623261,3837
75036471,1716
3494980,476
76168339,4731
15016686,3927
2703211,2172
1247992,1016
75655444,1867
693795,2730
4884323,3122
1750896,967
17733903,2000
16236154,2175
78172781,1745
79767349,4706
16681101,2777
18830583,3517
6032790,3190
4681682,1798
76649827,4869
77194242,1456
156465,4672
408595,4797
6890379,2656
1326704,4952
73552052,2881
80307537,1003
80126720,4861
4423007,2146
632333,3718
1217297,4633
73599465,2636
75450811,4278
74705312,2701
74259651,4619
16338918,2201
77378336,3998
75747354,4264
2456653,4553
70541995,4385
13848700,4908
77025626,3412
71919240,4038
9221748,4920
80397307,4416
16312724,1117
16116431,4200
80400074,3754
79982584,4173
75214889,1891
643111,2847
76148821,4306
70636098,4296
77858617,4934
77416699,4921
75917245,3322
7144427,4507
11784824,4972
16234627,1679
3010473,2198
8524725,2300
1315587,1298
17529666,1006
75989269,1435
15804438,1396
79887516,4673
6221923,4864
1767748,4403
6999133,4209
809434,4516
16234994,4255
18195716,4504
80049296,1720
15301632,1840
17953255,4427
18681419,1255
73529085,2192
12967635,1788
1317413,1851
77853195,1285
75159264,4732
1296299,4838
164391,2304
2772392,3226
3534820,2916
77392816,3064
75050868,574
74318146,4476
3176902,3807
73238853,3028
76841866,4484
80338852,4759
1358350,4959
18486881,2390
9502572,4480
70432516,4414
73543691,71
74759977,4545
77898841,2973
17810356,4202
73841619,1458
74790760,4632
74770170,4525
70416228,2252
6712074,3388
73687015,2009
489673,2105
78813919,4694
75188838,2515
73096352,577
16184415,4233
76276287,4912
74245611,1267
77704135,4995
75654498,2624
75114156,3034
10664123,516
78793599,4935
4026052,4479
7180393,3325
18761125,3811
533273,312
5408901,977
18811049,2755
80183739,4819
18463427,1310
71896549,2779
7318645,876
18878392,4560
80034611,3048
549165,947
76434382,2628
6718782,4497
4812950,1772
550192,2826
74235367,3568
550183,2268
73737230,3745
80280210,2537
6140901,2996
11817264,4969
70649792,4089
716831,4909
18365562,1933
191882,2762
5282068,716
16294848,2111
71943360,1025
18729129,4984
1490401,1873
80242202,2344
10537714,1607
77932805,4463
17364119,4386
3437929,3533
76622164,4234
11119197,2954
16781739,4837
16353967,3847
76940113,1258
80144635,4198
80145683,4550
80145112,643
73731276,4461
70537780,4323
180802,2620
16208340,2288
5914534,2178
10016567,617
367294,4562
76506798,2260
77326165,2090
76583075,4645
17237998,4980
75202900,4114
17951296,4387
73301768,799
1806434,2554
16206379,3544
80150941,4431
710627,2571
98594,527
76147045,2254
74712623,4844
3467419,4770
74753348,4751
16812443,1784
70212764,4683
6460600,809
74378812,1227
3569051,1512
75330190,4404
76656749,1477
16276573,4602
2589421,2596
77945591,3597
15309377,2613
15527581,2924
16234579,3791
76050316,4750
79947784,1666
80380780,870
1391133,1439
80306269,3256
7074812,1553
18524142,791
74795384,2963
2696253,25
3287894,2863
79755121,4833
77521870,4609
9897193,3046
2260756,2151
78377104,4643
74176035,4900
5333604,2484
79807473,2738
73375010,3139
982364,4949
4894440,4662
7446901,2315
70269521,4871
17023891,3095
70243943,181
17742463,94
1411878,4464
74521973,3595
17950185,4794
79843362,4836
337148,3958
358865,4637
475195,991
3032773,1805
74036136,4772
2857971,4970
841776,3401
75872087,1736
79834665,4743
74252110,1565
260347,2815
4628229,4370
6773462,4684
79760333,2073
14999942,4400
15344774,4537
78360383,4508
75003812,2008
74889645,1885
4227965,4840
17404229,2322
80144511,4599
15866992,3516
16244141,4352
2367819,3438
16274978,1000
687287,2597
5963399,4188
76103009,4987
18886630,4853
17828612,2280
741818,4671
17476699,4924
112848,1714
5846731,4382
408335,2021
189812,2027
73206874,1792
2273270,1875
829789,4336
16994050,2711
77658012,140
73320508,2909
80034740,687
15812552,4514
76908628,2419
76758124,2222
16251587,4961
74850899,2115
74378925,3719
15206096,2365
7308326,2133
14873399,4413
74765909,4606
79768613,2331
18704454,4851
74538400,1715
75472488,4163
18689169,2979
74228802,2101
70004531,4971
646489,4911
17576721,950
8133585,1173
5727575,4835
70205835,4586
16163962,661
75540828,971
78342189,4976
18290305,4149
5832812,752
78301478,4877
74135711,1601
762369,3221
6123799,1888
18828526,164
70341746,4566
10883864,4263
14838603,4390
76506336,4916
15774690,3197
4512402,2291
73720103,2363
80246195,4267
9321464,4699
1751414,4567
3284164,4155
16133654,2633
1037294,765
238371,3596
78073051,814
75553502,1287
76734651,4441
72091932,4148
17710475,3722
75771729,113
1247420,4432
70191909,1459
73068968,4457
18952135,4652
6698130,4396
74905817,2809
708444,4756
77084499,4600
17547119,4515
537584,2231
1174373,4698
18353575,186
1173734,2114
5987152,4468
73621648,1995
80006374,126
75008764,2318
73862795,2072
73248481,2180
80240838,3781
15573832,4680
80309331,4573
219010,4574
2671598,3478
75323957,930
299229,4243
80250630,2875
74953487,1605
75535004,3551
75234336,4170
80204934,3675
13647057,1830
73095052,1182
80326801,2382
73260092,3626
303626,4725
667413,91
1263810,2522
712642,1713
76903155,2962
77077438,650
76701337,841
10063106,866
70032870,2274
3289231,2927
70305758,4754
15154580,1360
5346266,4211
71889096,4771
17860907,4896
17278892,4990
5902658,2335
73497504,4721
7319133,4127
79752001,4617
74020847,2797
77948391,4940
17573032,1717
73576844,4727
73036299,4847
1300070,4524
75003455,3416
4819480,4760
71961840,4784
17048879,3608
1323814,593
73179477,4246
15124299,4023
76104546,2950
1109641,4888
6774421,1775
72110847,4496
12967214,4817
70167014,1752
1789464,4288
74973584,4997
79856918,3588
16311414,3898
76328144,3571
80375375,2162
72113441,3523
4957525,2816
12035304,562
15417115,1151
6380918,3855
73093256,4493
849571,2314
70519984,1649
78380311,4165
8328529,4793
1154011,86
4618052,2374
16298421,1724
77198747,1061
3304568,4268
18957279,4207
659227,4359
76697458,463
80036648,1667
1103918,2988
235684,1951
76862558,4848
5778066,4597
77705012,4531
75780755,4344
16143691,434
80289970,604
424464,4741
5926069,3815
2876347,1785
76282180,4796
76803639,2541
9611293,3621
15550903,4701
16254034,3995
16217645,494
72014035,4392
80314529,520
6871022,318
15899970,3683
77401444,4808
16202371,4371
77167645,3714
4431383,4783
70299910,3312
75532512,1919
75821259,4996
75374334,1513
8483986,3369
80244392,4177
1958262,3687
6012249,4744
75322752,4865
7530365,4279
426852,3606
3054887,2190
73451887,3145
80387227,78
687275,4859
71989454,646
73740017,3056
16399511,259
962980,50
77166210,366
17982612,1964
75422669,20
857434,2794
1666620,4709
76028367,4860
73173324,3359
72013401,1503
77112511,4818
796405,120
79838008,280
425267,4491
76445952,2869
2357295,3265
600620,4590
80221921,2745
1260576,901
74766317,1852
17775214,4265
74792245,4299
8298012,4406
80389771,4688
75767351,2575
77283626,3025
73992130,3189
71933719,421
1260589,3230
77851595,399
4880178,1693
10564362,5000
8125421,191
13366907,1986
15232606,4657
76612254,227
73740305,398
75771533,1747
15749542,4218
15993881,4451
2990634,4693
6429607,370
76140506,1900
11394650,2970
15787793,3121
4947838,3229
16719486,4031
10218366,4180
73234745,4875
3128053,457
4988158,2677
16280391,3251
2314974,73
16696733,1612
16331120,4465
79980040,355
75621279,3330
74694804,4805
73448035,89
73199437,1291
80180826,1352
74078926,3093
74080176,3860
15613526,4746
17801375,541
18375831,1052
763564,1128
15127392,1624
77174937,1897
73272560,3920
16068439,4676
73766387,540
16183197,1658
74383523,2077
4418093,4904
80395516,4913
672179,114
79971542,253
73534839,883
1289716,3006
76710159,3227
18499939,4443
70327873,230
73977427,267
6138536,284
3173982,1665
80037711,1941
76180148,3036
80095662,3316
76080102,4287
6457883,4360
78467260,4533
1648031,4722
2891528,4978
80137002,4998
18958123,341
73169223,430
80456593,1320
16259194,1365
1421220,1903
911140,3015
850948,3441
77902669,3906
79920115,4096
17349869,4316
70325103,4456
5770273,4749
73052401,4777
74368096,4778
80242289,4792
15679112,4910
80141134,4992
75334669,1576
74743978,1767
532831,1874
17241990,1878
71874435,3023
1870277,3142
1407761,3148
17637438,3236
76084856,3410
743785,4153
5015901,4171
73619856,4257
73212633,4351
3101989,4501
70652666,4883
73537111,4892
75407425,4967
10015684,148
564049,333
70192372,380
76077250,473
11754420,482
18774115,515
6158467,707
74696204,1344
3553989,1462
12954346,2079
17276024,2080
74903379,2492
16872363,2499
15349054,3172
7096376,3317
16795540,3651
80204957,4045
3384476,4152
6995386,4294
12070406,4425
18304503,4630
652875,4704
520587,4735
74553887,4938
5835512,4942
74364966,4981
